,Country,Lat,Lng,1950,1955,Growth 1950-1955,1960,Growth 1955-1960,1965,Growth 1960-1965,1970,Growth 1965-1970,1975,Growth 1970-1975,1980,Growth 1975-1980,1985,Growth 1980-1985,1990,Growth 1985-1990,1995,Growth 1990-1995,2000,Growth 1995-2000,2005,Growth 2000-2005,2010,Growth 2005-2010,2015,Growth 2010-2015,2020,Growth 2015-2020,2025,Growth 2020-2025,2030,Growth 2025-2030,2035,Growth 2030-2035,2040,Growth 2035-2040,2045,Growth 2040-2045,2050,Growth 2045-2050
0,Afghanistan,33.93911,67.709953,8151,8892,1.76,9830,2.03,10998,2.27,12431,2.48,14133,2.6,15045,1.26,13120,-2.7,13569,0.67,19446,7.46,22462,2.93,26335,3.23,29121,2.03,32565,2.26,36644,2.39,41118,2.33,45665,2.12,50195,1.91,54717,1.74,59256,1.61,63796,1.49
1,Albania,41.153332,20.168331,1228,1393,2.56,1624,3.12,1884,3.02,2157,2.74,2402,2.17,2672,2.16,2957,2.05,3245,1.88,3159,-0.54,3159,0.0,3025,-0.86,2987,-0.25,3030,0.28,3075,0.3,3105,0.2,3103,-0.01,3063,-0.26,2994,-0.45,2913,-0.55,2825,-0.61
2,Algeria,28.033886,1.659626,8893,9842,2.05,10910,2.08,11964,1.86,13932,3.09,16141,2.99,18807,3.1,22009,3.19,25191,2.74,28322,2.37,30639,1.58,32918,1.45,35950,1.78,39543,1.92,42973,1.68,45842,1.3,48149,0.99,50118,0.8,52030,0.75,53894,0.71,55445,0.57
3,American Samoa,-14.270972,-170.132217,20,20,0.72,21,0.2,25,4.23,28,2.08,30,1.68,33,1.81,39,3.57,48,4.09,54,2.69,58,1.39,57,-0.28,56,-0.53,55,-0.41,54,-0.21,54,-0.17,53,-0.32,52,-0.45,51,-0.45,50,-0.29,50,-0.06
4,Andorra,42.506285,1.521801,7,7,0.04,9,6.28,14,10.17,20,7.49,27,6.32,34,4.81,45,5.84,53,3.41,64,3.7,66,0.58,77,3.18,85,2.12,86,0.25,86,0.01,86,-0.12,85,-0.21,83,-0.3,82,-0.46,79,-0.69,75,-0.93
5,Angola,-11.202692,17.873887,4118,4424,1.44,4798,1.64,5135,1.37,5606,1.77,6051,1.54,7206,3.56,8390,3.09,9486,2.48,11000,3.01,12683,2.89,14770,3.09,17043,2.9,19626,2.86,22485,2.76,25674,2.69,29155,2.58,32910,2.45,36948,2.34,41280,2.24,45889,2.14
6,Anguilla,18.220554,-63.06861499999999,6,6,0.8,6,0.79,6,0.75,7,0.8,7,0.68,7,0.64,7,1.35,9,3.84,10,3.2,12,3.02,14,2.8,15,2.4,17,2.14,19,1.96,20,1.77,22,1.58,23,1.41,25,1.24,26,1.09,27,0.96
7,Antigua and Barbuda,17.060816,-61.796428,46,52,2.19,55,1.32,60,1.7,66,2.05,69,0.73,69,0.15,65,-1.24,65,-0.07,69,1.38,76,1.86,82,1.53,87,1.31,93,1.28,99,1.21,104,1.13,110,0.99,114,0.82,118,0.65,121,0.52,123,0.41
8,Argentina,-38.416097,-63.61667199999999,17151,18928,1.99,20617,1.72,22284,1.57,23963,1.46,26082,1.71,28370,1.7,30672,1.57,33036,1.5,35274,1.32,37336,1.14,39182,0.97,41344,1.08,43432,0.99,45379,0.88,47165,0.77,48796,0.68,50273,0.6,51574,0.51,52663,0.42,53512,0.32
9,Armenia,40.069099,45.038189,1356,1566,2.92,1869,3.61,2206,3.37,2520,2.7,2835,2.38,3134,2.03,3465,2.02,3530,0.37,3131,-2.37,3101,-0.19,3085,-0.1,3072,-0.08,3057,-0.1,3022,-0.23,2962,-0.4,2884,-0.53,2796,-0.62,2699,-0.71,2590,-0.82,2469,-0.95
10,Aruba,12.52111,-69.968338,50,54,1.62,58,1.21,60,0.63,60,0.01,60,0.06,60,0.23,62,0.53,64,0.49,80,4.87,90,2.39,97,1.51,105,1.52,113,1.41,120,1.26,127,1.1,133,0.93,138,0.8,143,0.69,147,0.61,151,0.55
11,Australia,-25.274398,133.775136,8268,9278,2.33,10362,2.24,11440,2.0,12661,2.05,13772,1.7,14616,1.2,15696,1.44,16957,1.56,17976,1.17,19054,1.17,20233,1.21,21516,1.24,22752,1.12,23939,1.02,25054,0.91,26056,0.79,26932,0.66,27702,0.57,28390,0.49,29013,0.44
12,Austria,47.516231,14.550072,6936,6947,0.03,7048,0.29,7271,0.63,7468,0.53,7579,0.3,7550,-0.08,7560,0.03,7723,0.43,8048,0.83,8114,0.16,8315,0.49,8448,0.32,8666,0.51,8860,0.44,8988,0.29,9075,0.19,9121,0.1,9136,0.03,9129,-0.01,9108,-0.05
13,Azerbaijan,40.143105,47.576927,2886,3314,2.81,3882,3.21,4567,3.31,5169,2.51,5697,1.96,6199,1.7,6846,2.0,7498,1.84,8051,1.43,8464,1.0,8826,0.84,9302,1.06,9781,1.01,10206,0.85,10534,0.63,10782,0.47,10974,0.35,11118,0.26,11201,0.15,11210,0.02
14,Bahamas,25.03428,-77.39627999999999,71,88,4.33,113,5.19,140,4.4,171,4.12,190,2.12,210,2.09,229,1.7,246,1.44,266,1.59,283,1.28,297,0.98,311,0.91,325,0.9,338,0.8,350,0.67,359,0.51,365,0.36,369,0.23,372,0.12,372,0.01
15,Bahrain,26.0667,50.5577,115,131,2.55,157,3.76,192,4.09,220,2.78,259,3.34,348,6.08,424,4.02,506,3.62,583,2.85,655,2.38,916,6.94,1181,5.2,1347,2.68,1506,2.25,1580,0.98,1639,0.73,1701,0.74,1759,0.67,1806,0.54,1848,0.45
16,Bangladesh,23.684994,90.356331,45646,49589,1.67,54593,1.94,60285,2.0,67332,2.24,76153,2.49,87938,2.92,102309,3.07,112213,1.87,121443,1.59,132151,1.7,144139,1.75,156119,1.61,168958,1.59,169778,1.12,178312,1.09,185605,0.96,191616,0.81,196224,0.66,199442,0.45,201249,0.17
17,Barbados,13.193887,-59.543198,211,228,1.53,233,0.44,235,0.23,239,0.32,248,0.69,252,0.39,258,0.42,263,0.39,268,0.41,274,0.45,281,0.46,286,0.4,291,0.34,295,0.27,298,0.17,298,0.04,297,-0.09,294,-0.22,289,-0.34,283,-0.44
18,Belarus,53.709807,27.953389,7723,7781,0.15,8168,0.98,8591,1.01,9028,1.0,9361,0.73,9644,0.6,9982,0.69,10201,0.43,10205,0.01,10034,-0.34,9807,-0.46,9681,-0.26,9590,-0.19,9478,-0.23,9326,-0.32,9145,-0.39,8957,-0.41,8768,-0.43,8567,-0.46,8340,-0.53
19,Belgium,50.503887,4.469936,8640,8869,0.52,9119,0.56,9449,0.71,9638,0.4,9795,0.32,9847,0.11,9859,0.02,9970,0.22,10156,0.37,10264,0.21,10470,0.4,10866,0.75,11324,0.83,11721,0.69,12038,0.54,12268,0.38,12439,0.28,12583,0.23,12695,0.18,12773,0.12
20,Belize,17.189877,-88.49765,66,77,3.17,92,3.62,107,3.09,123,2.68,136,2.13,145,1.27,166,2.77,191,2.89,218,2.62,249,2.69,282,2.55,315,2.26,348,2.01,380,1.79,412,1.6,441,1.42,470,1.25,496,1.11,521,0.98,544,0.87
21,Benin,9.30769,2.315834,1673,1847,1.99,2056,2.17,2311,2.37,2620,2.54,2996,2.72,3459,2.91,4031,3.11,4706,3.15,5647,3.71,6620,3.23,7778,3.28,9057,3.09,10449,2.9,11957,2.73,13565,2.56,15249,2.37,16971,2.16,18703,1.96,20425,1.78,22119,1.61
22,Bermuda,32.3078,-64.7505,39,42,1.3,45,1.36,49,2.01,53,1.43,54,0.46,55,0.33,57,0.53,58,0.56,61,0.86,64,0.9,66,0.89,69,0.7,71,0.56,72,0.44,73,0.31,74,0.14,74,-0.03,73,-0.19,72,-0.33,70,-0.43
23,Bhutan,27.514162,90.433601,164,187,2.61,213,2.63,255,3.69,310,4.01,373,3.8,447,3.66,530,3.48,615,3.04,567,-1.63,606,1.36,655,1.57,700,1.34,742,1.17,783,1.07,821,0.95,855,0.83,886,0.71,912,0.59,935,0.49,952,0.37
24,Bolivia,-16.290154,-63.58865299999999,2767,3075,2.14,3435,2.24,3854,2.33,4347,2.44,4915,2.49,5442,2.06,5935,1.75,6574,2.07,7375,2.33,8196,2.13,9073,2.06,9948,1.86,10801,1.66,11640,1.51,12464,1.38,13263,1.25,14025,1.12,14740,1.0,15401,0.88,16004,0.77
25,Bosnia and Herzegovina,43.915886,17.679076,2663,2975,2.24,3241,1.73,3494,1.52,3704,1.17,3981,1.45,4093,0.56,4227,0.65,4315,0.41,3547,-3.85,3806,1.42,3894,0.46,3885,-0.04,3868,-0.09,3836,-0.16,3788,-0.25,3717,-0.38,3619,-0.53,3498,-0.68,3362,-0.79,3217,-0.88
26,Botswana,-22.328474,24.684866,431,462,1.39,497,1.5,539,1.61,584,1.65,705,3.83,901,5.03,1080,3.7,1265,3.21,1478,3.16,1680,2.6,1841,1.84,2030,1.98,2183,1.47,2313,1.16,2426,0.96,2520,0.77,2606,0.67,2691,0.65,2780,0.65,2872,0.65
27,Brazil,-14.235004,-51.92528,53444,61652,2.9,71412,2.98,82602,2.95,94931,2.82,107328,2.49,121064,2.44,135734,2.31,149410,1.94,161912,1.62,174316,1.49,186021,1.31,195835,1.03,204260,0.85,216016,0.72,223028,0.61,228720,0.51,233068,0.39,236077,0.27,237826,0.18,238390,0.11
28,British Virgin Islands,18.420695,-64.639968,7,7,1.13,8,2.26,9,2.64,10,3.17,11,1.4,11,0.87,14,3.69,16,3.54,20,3.97,23,3.38,26,2.82,30,2.76,34,2.45,38,2.24,42,2.03,46,1.8,49,1.6,53,1.44,57,1.32,60,1.23
29,Brunei,4.535277,114.727669,45,61,6.28,84,6.37,103,4.28,128,4.49,157,4.14,186,3.46,218,3.3,253,3.03,288,2.63,326,2.47,362,2.11,396,1.81,430,1.69,465,1.57,499,1.43,532,1.28,562,1.11,590,0.96,615,0.85,639,0.76
30,Bulgaria,42.733883,25.48583,7251,7500,0.68,7868,0.96,8202,0.84,8490,0.69,8721,0.54,8844,0.28,8944,0.23,8895,-0.11,8285,-1.41,7909,-0.92,7612,-0.76,7392,-0.58,7187,-0.56,6967,-0.62,6729,-0.7,6482,-0.74,6238,-0.76,6001,-0.77,5768,-0.79,5532,-0.83
31,Burkina Faso,12.238333,-1.561593,4377,4615,1.07,4866,1.07,5032,0.67,5304,1.06,5674,1.36,6319,2.18,7171,2.56,8362,3.12,9903,3.44,11588,3.19,13904,3.71,16242,3.16,18932,3.11,21978,3.03,25385,2.92,29154,2.81,33271,2.68,37715,2.54,42448,2.39,47430,2.24
32,Burundi,-3.373056,29.918886,2363,2577,1.75,2816,1.79,3171,2.41,3522,2.12,3677,0.86,4298,3.17,4915,2.72,5509,2.31,5800,1.03,6716,2.98,7789,3.01,9121,3.21,10743,3.33,12632,3.29,14792,3.21,17246,3.12,20029,3.04,23154,2.94,26615,2.83,30392,2.69
33,Cambodia,12.565679,104.990963,4472,5049,2.46,5762,2.68,6602,2.76,7395,2.29,7500,0.28,6889,-1.69,7842,2.62,9368,3.62,11235,3.7,12352,1.91,13298,1.49,14454,1.68,15709,1.68,16927,1.51,18038,1.28,19031,1.08,19945,0.94,20810,0.85,21618,0.77,22339,0.66
34,Cameroon,7.369721999999999,12.354722,4888,5211,1.29,5609,1.48,6104,1.71,6727,1.96,7522,2.26,8756,3.09,10227,3.15,11984,3.22,13828,2.9,15818,2.73,18132,2.77,20823,2.81,23740,2.66,26970,2.58,30509,2.5,34353,2.4,38465,2.29,42797,2.16,47292,2.02,51913,1.88
35,Canada,56.130366,-106.346771,14012,16051,2.75,18267,2.62,20072,1.9,21750,1.62,23210,1.31,24594,1.17,25942,1.07,27791,1.39,29691,1.33,31100,0.93,32387,0.81,33760,0.83,35100,0.78,36388,0.72,37559,0.64,38565,0.53,39396,0.43,40071,0.34,40636,0.28,41136,0.25
36,Cape Verde,16.5388,-23.0418,147,170,2.93,197,3.07,232,3.32,269,3.02,281,0.85,297,1.12,317,1.34,340,1.4,386,2.55,431,2.22,471,1.81,509,1.57,546,1.43,584,1.33,620,1.2,652,1.03,681,0.86,705,0.71,726,0.57,742,0.45
37,Cayman Islands,19.3133,-81.2546,7,7,2.04,8,1.95,9,2.37,11,3.17,15,7.03,18,3.85,21,4.06,27,4.8,33,4.27,39,3.42,45,2.9,51,2.52,57,2.24,62,2.0,68,1.78,74,1.56,79,1.34,83,1.17,88,1.02,92,0.9
38,Central African Republic,6.611110999999999,20.939444,1260,1349,1.37,1468,1.71,1628,2.09,1840,2.48,2058,2.27,2349,2.68,2715,2.93,3085,2.59,3545,2.82,3980,2.34,4364,1.86,4845,2.12,5392,2.16,5991,2.13,6638,2.07,7326,1.99,8046,1.89,8792,1.79,9558,1.69,10339,1.58
39,Chad,36.7502524,-95.9763576,2608,2806,1.47,3043,1.64,3345,1.91,3728,2.19,4145,2.14,4523,1.76,5067,2.3,5842,2.89,6770,2.99,7943,3.25,9401,3.43,10544,2.32,11632,1.98,12756,1.86,13915,1.75,15115,1.67,16362,1.6,17659,1.54,19007,1.48,20474,1.5
40,Chile,-35.675147,-71.542969,6091,6744,2.06,7586,2.38,8510,2.33,9369,1.94,10208,1.73,10999,1.5,11953,1.68,13008,1.71,14173,1.73,15175,1.38,15980,1.04,16760,0.96,17509,0.88,18187,0.76,18765,0.63,19204,0.46,19499,0.31,19669,0.17,19731,0.06,19689,-0.04
41,China,35.86166,104.195397,562580,607047,1.53,651340,1.42,716667,1.93,822116,2.78,920295,2.28,987822,1.43,1061876,1.46,1153164,1.66,1221056,1.15,1268302,0.76,1302285,0.53,1336681,0.52,1367486,0.46,1397026,0.42,1410807,0.61,1419019,0.54,1424558,0.49,1428383,0.44,1433211,0.41,1437978,0.36
42,Colombia,4.570868,-74.297333,11592,13589,3.23,15953,3.26,18647,3.17,21430,2.82,24125,2.4,26632,2.0,29748,2.24,33148,2.19,36532,1.96,38911,1.27,41488,1.29,44206,1.28,46737,1.12,49085,0.99,51195,0.85,52965,0.68,54345,0.52,55335,0.36,55956,0.22,56228,0.1
43,Comoros,-11.6455,43.3333,149,164,2.03,183,2.24,207,2.44,237,2.81,276,3.07,340,4.27,383,2.42,431,2.37,483,2.32,546,2.46,624,2.71,707,2.53,781,2.04,847,1.62,906,1.36,964,1.25,1022,1.19,1079,1.08,1128,0.91,1170,0.73
44,Cook Islands,-21.236736,-159.777671,15,17,2.18,18,1.95,20,1.3,21,1.78,20,-1.58,19,-1.3,18,-0.58,19,1.01,19,-0.09,17,-2.29,14,-3.57,12,-3.31,10,-3.05,9,-2.71,8,-2.33,7,-1.96,7,-1.64,6,-1.35,6,-1.02,6,-0.65
45,Costa Rica,9.748916999999999,-83.753428,867,1032,3.54,1249,3.88,1488,3.57,1736,3.13,1992,2.79,2300,2.91,2645,2.84,3024,2.71,3445,2.64,3883,2.42,4209,1.63,4517,1.42,4815,1.29,5098,1.15,5354,0.98,5572,0.8,5750,0.63,5892,0.49,5998,0.36,6066,0.23
46,Croatia,45.1,15.2000001,3838,3956,0.61,4037,0.4,4134,0.48,4206,0.35,4256,0.23,4384,0.59,4458,0.34,4509,0.23,4497,-0.05,4411,-0.38,4496,0.38,4487,-0.04,4465,-0.1,4428,-0.17,4375,-0.24,4301,-0.34,4210,-0.43,4104,-0.51,3989,-0.57,3865,-0.63
47,Cuba,21.521757,-77.781167,5785,6382,1.98,7028,1.95,7810,2.13,8543,1.81,9291,1.69,9653,0.77,10065,0.84,10507,0.86,10848,0.64,11072,0.41,11199,0.23,11099,-0.18,11032,-0.12,10932,-0.18,10785,-0.27,10575,-0.39,10298,-0.53,9962,-0.66,9579,-0.78,9162,-0.89
48,Curaçao,12.16957,-68.99002,102,112,2.04,124,2.04,134,1.59,145,1.56,150,0.6,148,-0.16,154,0.77,146,-1.1,142,-0.53,134,-1.1,137,0.31,144,1.06,149,0.69,152,0.39,154,0.28,155,0.14,155,0.0,154,-0.12,153,-0.2,151,-0.26
49,Cyprus,35.126413,33.429859,495,533,1.52,579,1.68,601,0.72,628,0.9,627,-0.03,631,0.12,680,1.51,746,1.87,848,2.61,920,1.65,1011,1.91,1103,1.76,1190,1.52,1267,1.27,1330,0.98,1375,0.67,1402,0.39,1414,0.16,1410,-0.04,1393,-0.26
50,Czech Republic,49.81749199999999,15.472962,8926,9366,0.97,9660,0.62,9777,0.24,9796,0.04,10043,0.5,10289,0.49,10311,0.04,10310,0.0,10324,0.03,10269,-0.11,10267,0.0,10551,0.55,10645,0.18,10703,0.11,10697,-0.01,10628,-0.13,10529,-0.19,10433,-0.18,10332,-0.19,10210,-0.24
51,Democratic Republic of the Congo,-4.038333,21.758664,13569,14953,1.96,16611,2.13,18856,2.57,21781,2.93,25033,2.82,29011,2.99,33348,2.83,39152,3.26,46705,3.59,52446,2.35,60699,2.97,69852,2.85,79376,2.59,89250,2.37,99163,2.13,108872,1.89,118299,1.67,127440,1.5,136285,1.35,144806,1.22
52,Denmark,56.26392,9.501785,4272,4440,0.77,4582,0.63,4759,0.76,4929,0.71,5060,0.53,5124,0.25,5114,-0.04,5141,0.11,5233,0.35,5338,0.4,5433,0.35,5516,0.3,5582,0.24,5643,0.22,5698,0.2,5731,0.11,5728,-0.01,5691,-0.13,5635,-0.2,5576,-0.21
53,Djibouti,11.825138,42.590275,80,91,2.67,112,4.26,143,5.0,180,4.83,227,4.72,327,7.61,383,3.18,500,5.49,554,2.07,670,3.89,667,-0.09,741,2.13,829,2.27,922,2.16,1017,1.98,1110,1.75,1195,1.49,1271,1.24,1338,1.04,1396,0.86
54,Dominica,15.414999,-61.37097600000001,52,57,1.93,60,1.13,64,1.29,70,1.81,74,1.16,74,-0.01,74,-0.21,71,-0.86,72,0.4,71,-0.17,73,0.37,73,0.19,74,0.22,75,0.17,75,0.04,74,-0.17,73,-0.38,71,-0.56,68,-0.73,65,-0.92
55,Dominican Republic,18.735693,-70.162651,2353,2738,3.07,3232,3.38,3806,3.33,4423,3.05,5049,2.68,5697,2.45,6379,2.29,7084,2.12,7759,1.84,8469,1.77,9165,1.59,9824,1.4,10479,1.3,11110,1.18,11703,1.05,12240,0.9,12705,0.75,13097,0.61,13425,0.49,13691,0.39
56,Timor-Leste,-8.874217,125.727539,436,473,1.63,509,1.51,554,1.69,598,1.55,677,2.51,558,-3.81,649,3.09,740,2.66,868,3.24,768,-2.43,985,5.11,1088,2.02,1232,2.51,1384,2.36,1540,2.15,1690,1.88,1829,1.6,1958,1.37,2079,1.2,2192,1.07
57,Ecuador,-1.831239,-78.18340599999999,3370,3843,2.66,4416,2.82,5118,2.99,5940,3.02,6872,2.96,7921,2.88,9062,2.73,10319,2.63,11266,1.77,12446,2.01,13663,1.88,14791,1.6,15869,1.42,16905,1.27,17868,1.11,18744,0.96,19514,0.81,20165,0.66,20695,0.52,21103,0.39
58,Egypt,26.820553,30.802498,21198,23856,2.39,26847,2.39,30266,2.43,33575,2.1,36953,1.94,42635,2.9,50053,3.26,54908,1.87,58946,1.43,65159,2.02,72544,2.17,80472,2.1,88488,1.92,99667,1.76,107653,1.55,111058,1.37,118256,1.26,125242,1.15,131823,1.03,137873,0.9
59,El Salvador,13.794185,-88.89653,1940,2222,2.75,2582,3.05,3018,3.17,3604,3.61,4073,2.48,4571,2.33,4672,0.44,5110,1.81,5480,1.41,5850,1.32,5957,0.36,6053,0.32,6142,0.29,6218,0.25,6289,0.23,6341,0.16,6354,0.04,6324,-0.09,6263,-0.2,6182,-0.26
60,Equatorial Guinea,1.650801,10.267895,212,226,1.35,244,1.54,253,0.72,271,1.36,214,-4.64,257,3.72,326,4.9,372,2.68,427,2.81,492,2.89,568,2.91,651,2.78,741,2.63,837,2.45,936,2.27,1037,2.08,1139,1.88,1238,1.69,1335,1.52,1429,1.36
61,Eritrea,15.179384,39.782334,1403,1499,1.34,1615,1.5,1747,1.58,2161,4.35,2422,2.3,2569,1.19,2942,2.75,3138,1.3,3566,2.58,4198,3.32,5070,3.85,5793,2.7,6528,2.42,7260,2.15,7988,1.93,8710,1.75,9421,1.58,10109,1.42,10765,1.27,11382,1.12
62,Estonia,58.595272,25.0136071,1096,1155,1.05,1211,0.96,1288,1.24,1364,1.14,1433,0.99,1483,0.69,1539,0.74,1570,0.4,1447,-1.62,1380,-0.94,1332,-0.71,1303,-0.44,1266,-0.58,1229,-0.59,1183,-0.76,1132,-0.89,1080,-0.94,1029,-0.96,978,-1.02,924,-1.13
63,Ethiopia,9.145000000000001,40.489673,20175,21991,1.74,24169,1.91,26741,2.04,29469,1.96,32976,2.27,36037,1.79,40684,2.46,47555,3.17,55726,3.22,64366,2.92,74355,2.93,86043,2.96,99466,2.94,114641,2.88,131261,2.74,149123,2.58,168007,2.41,187611,2.23,207685,2.05,228067,1.89
64,Faroe Islands,61.89263500000001,-6.9118061,32,33,0.69,35,1.26,38,1.29,39,0.85,41,1.13,44,1.26,46,0.96,48,0.81,44,-1.7,46,1.02,49,1.07,50,0.31,51,0.46,52,0.56,54,0.6,55,0.51,56,0.35,57,0.23,57,0.17,58,0.16
65,Federated States of Micronesia,7.425554,150.550812,31,36,3.12,42,3.12,49,3.12,57,3.12,67,3.11,78,3.08,91,3.29,109,3.68,106,-0.49,108,0.33,109,0.07,108,-0.17,106,-0.36,103,-0.53,99,-0.69,95,-0.84,91,-0.99,86,-1.13,80,-1.27,75,-1.41
66,Fiji,-17.713371,178.065032,288,333,2.94,394,3.44,464,3.33,522,2.37,577,2.03,635,1.95,699,1.95,740,1.14,773,0.87,805,0.83,837,0.77,876,0.93,910,0.75,936,0.58,957,0.42,973,0.33,986,0.28,999,0.25,1008,0.19,1014,0.12
67,Finland,61.92410999999999,25.7481511,4009,4235,1.1,4430,0.9,4564,0.6,4607,0.19,4712,0.45,4780,0.29,4902,0.51,4987,0.34,5105,0.47,5169,0.25,5239,0.27,5355,0.44,5477,0.45,5572,0.34,5631,0.21,5646,0.05,5623,-0.08,5580,-0.15,5530,-0.18,5476,-0.19
68,France,46.227638,2.213749,42540,44243,0.79,46612,1.05,49834,1.35,51955,0.84,53998,0.77,55164,0.43,56561,0.5,58256,0.59,59824,0.53,61256,0.47,63060,0.58,64941,0.59,66554,0.49,67849,0.39,68861,0.3,69604,0.21,70051,0.13,70154,0.03,69936,-0.06,69485,-0.13
69,French Polynesia,-17.679742,-149.406843,63,72,2.97,82,2.44,95,3.15,115,3.78,134,3.15,151,2.54,176,3.06,200,2.61,217,1.68,236,1.7,254,1.47,269,1.16,283,1.01,296,0.86,306,0.69,314,0.52,320,0.37,324,0.23,325,0.11,325,-0.01
70,Gabon,-0.803689,11.609444,416,429,0.62,447,0.79,475,1.24,515,1.64,648,4.7,714,1.97,834,3.14,939,2.4,1070,2.65,1237,2.95,1396,2.45,1546,2.06,1706,1.99,1877,1.93,2064,1.91,2267,1.89,2484,1.85,2717,1.81,2965,1.77,3230,1.73
71,Georgia,32.1656221,-82.9000751,3516,3828,1.71,4147,1.62,4465,1.49,4695,1.01,4898,0.85,5046,0.6,5193,0.58,5432,0.9,5042,-1.48,4819,-0.9,4791,-0.12,4903,0.47,4932,0.12,4931,0.0,4930,0.0,4905,-0.1,4869,-0.15,4829,-0.16,4781,-0.2,4715,-0.28
72,Germany,51.165691,10.451526,68375,70196,0.53,72481,0.64,75639,0.86,77784,0.56,78683,0.23,78298,-0.1,77685,-0.16,79381,0.43,81654,0.57,82184,0.13,82440,0.06,81645,-0.19,80855,-0.19,82983,-0.15,80027,-0.21,78022,-0.31,76590,-0.37,74984,-0.42,73277,-0.46,71542,-0.48
73,Ghana,7.946527,-1.023194,5298,6049,2.69,6959,2.84,8010,2.85,8789,1.87,10100,2.82,11153,2.0,13573,4.01,15549,2.76,17322,2.18,18982,1.85,21107,2.15,23572,2.23,26328,2.24,29341,2.19,32611,2.14,36120,2.07,39872,2.0,43862,1.93,48058,1.84,52416,1.75
74,Gibraltar,36.140751,-5.353585,23,24,0.58,25,0.49,26,0.88,27,0.72,30,2.05,29,-0.15,29,-0.13,30,0.32,27,-1.66,28,0.38,29,0.86,29,0.29,30,0.26,30,0.22,30,0.12,30,-0.02,30,-0.14,30,-0.21,29,-0.24,29,-0.3
75,Greece,39.074208,21.824312,7567,7966,1.03,8328,0.89,8551,0.53,8793,0.56,9047,0.57,9643,1.28,9924,0.58,10130,0.41,10458,0.64,10560,0.19,10669,0.21,10750,0.15,10776,0.05,10743,-0.06,10671,-0.13,10584,-0.16,10485,-0.19,10367,-0.23,10218,-0.29,10036,-0.36
76,Greenland,71.706936,-42.604303,23,27,3.59,33,4.09,40,3.83,47,3.44,50,1.32,51,0.25,54,1.15,56,0.92,57,0.2,57,0.25,58,0.31,58,-0.05,58,0.03,58,-0.04,58,-0.15,57,-0.32,55,-0.49,54,-0.62,52,-0.72,50,-0.78
77,Grenada,12.1165,-61.67899999999999,76,85,2.22,91,1.27,94,0.69,96,0.45,96,0.09,91,-1.21,94,0.63,95,0.24,98,0.74,102,0.78,105,0.58,108,0.61,111,0.53,114,0.43,115,0.29,116,0.14,116,0.02,116,-0.04,115,-0.08,115,-0.13
78,Guam,13.444304,144.793731,60,69,2.78,67,-0.53,75,2.07,87,3.14,103,3.38,107,0.92,121,2.45,135,2.15,145,1.46,156,1.5,159,0.39,160,0.13,162,0.29,169,0.8,177,0.98,185,0.83,191,0.66,196,0.51,199,0.37,202,0.27
79,Guatemala,15.783471,-90.23075899999999,2969,3488,3.27,4100,3.29,4746,2.97,5265,2.1,5911,2.34,6650,2.38,7581,2.66,8966,3.41,10028,2.26,11086,2.02,12183,1.91,13551,2.15,14919,1.94,16265,1.74,17565,1.55,18798,1.37,19960,1.21,21049,1.07,22062,0.94,22996,0.83
80,Guernsey,49.4481982,-2.58949,46,47,0.36,47,0.33,51,1.31,54,1.25,54,0.16,54,-0.13,56,0.67,63,2.57,61,-0.53,62,0.32,64,0.38,65,0.51,67,0.4,68,0.29,68,0.2,69,0.09,68,-0.01,68,-0.09,68,-0.15,67,-0.19
81,Guinea,9.945587,-9.696645,2586,2787,1.51,3027,1.66,3314,1.83,3644,1.91,4019,1.98,4448,2.05,5227,3.28,6119,3.2,7446,4.0,8351,2.32,9154,1.85,10325,2.44,11781,2.67,13420,2.64,15241,2.58,17226,2.48,19354,2.36,21609,2.23,23966,2.09,26408,1.96
82,Guinea-Bissau,11.803749,-15.180413,574,592,0.64,617,0.82,604,-0.42,621,0.53,681,1.89,789,2.99,886,2.33,996,2.39,1144,2.8,1279,2.27,1415,2.03,1566,2.05,1727,1.98,1893,1.86,2062,1.72,2231,1.59,2400,1.47,2568,1.36,2733,1.25,2895,1.16
83,Guyana,4.860416,-58.93018,428,492,2.79,572,3.06,641,2.31,715,2.23,768,1.45,760,-0.23,763,0.08,772,0.24,769,-0.07,785,0.41,775,-0.26,746,-0.76,736,-0.29,751,0.4,782,0.81,813,0.78,840,0.65,859,0.45,871,0.28,879,0.18
84,Haiti,18.971187,-72.285215,3098,3365,1.67,3697,1.9,4094,2.06,4541,2.09,4974,1.84,5508,2.06,6120,2.13,6798,2.12,7571,2.18,8413,2.13,9205,1.82,9649,0.95,10111,0.94,10693,1.13,11253,1.03,11784,0.93,12267,0.81,12690,0.68,13049,0.56,13353,0.46
85,Honduras,15.199999,-86.241905,1432,1663,3.03,1952,3.26,2330,3.6,2761,3.46,2858,0.69,3403,3.55,4078,3.69,4795,3.29,5551,2.97,6360,2.76,7194,2.49,7990,2.12,8747,1.83,9466,1.59,10144,1.39,10786,1.23,11389,1.1,11951,0.97,12469,0.85,12949,0.76
86,Hong Kong,22.3193039,114.1693611,2238,2491,2.17,3076,4.31,3598,3.19,3960,1.93,4396,2.12,5064,2.87,5457,1.51,5688,0.84,6223,1.81,6656,1.36,6905,0.74,7030,0.36,7142,0.32,7250,0.3,7297,0.13,7276,-0.06,7185,-0.25,7033,-0.43,6841,-0.55,6624,-0.64
87,Hungary,47.162494,19.5033041,9339,9826,1.02,9984,0.32,10153,0.34,10338,0.36,10532,0.37,10712,0.34,10649,-0.12,10372,-0.53,10281,-0.18,10148,-0.26,10058,-0.18,9993,-0.13,9898,-0.19,9772,-0.26,9616,-0.32,9426,-0.4,9212,-0.46,8983,-0.5,8743,-0.54,8490,-0.58
88,Iceland,64.963051,-19.020835,143,159,2.03,176,2.16,193,1.8,205,1.2,219,1.33,229,0.91,242,1.13,255,1.08,268,0.99,282,0.99,297,1.09,318,1.39,332,0.87,358,1.12,387,0.91,391,0.69,393,0.5,397,0.4,403,0.31,407,0.22
89,India,20.593684,78.96288,369881,404268,1.79,445394,1.96,494964,2.13,553889,2.28,618923,2.25,684888,2.05,759613,2.09,838159,1.99,920585,1.89,1006301,1.8,1090974,1.63,1173109,1.46,1251696,1.31,1326094,1.16,1396047,1.03,1460744,0.91,1519491,0.79,1571716,0.68,1617238,0.57,1656554,0.48
90,Indonesia,-0.789275,113.921327,82979,90255,1.7,100146,2.1,110754,2.03,122292,2.0,135214,2.03,150322,2.14,166070,2.01,181600,1.8,197604,1.7,214091,1.62,229245,1.38,243423,1.21,255994,1.01,279080,1.88,288429,1.74,296450,1.6,305653,1.47,314085,1.33,321524,1.24,327282,0.91
91,Iran,32.427908,53.688046,16358,18739,2.76,21600,2.88,25040,3.0,28995,2.98,33468,2.91,39709,3.48,48619,4.13,58101,3.63,64218,2.02,68632,1.34,72283,1.04,76924,1.25,81825,1.24,86544,1.18,91882,0.99,93869,0.84,96673,0.72,98385,0.6,102281,0.48,107184,0.4
92,Iraq,33.223191,43.679291,5164,5904,2.71,6823,2.94,7971,3.16,9414,3.38,11118,3.38,13233,3.54,15694,3.47,18140,2.94,19658,1.62,23129,3.3,27538,3.55,30527,2.08,37057,3.95,42213,2.64,47657,2.46,53387,2.3,59262,2.11,65148,1.91,70924,1.71,76520,1.53
93,Ireland,53.1423672,-7.692053599999999,2964,2917,-0.32,2833,-0.58,2877,0.31,2951,0.51,3178,1.49,3402,1.37,3541,0.8,3509,-0.18,3614,0.6,3823,1.13,4200,1.9,4623,1.94,4893,1.14,5177,1.14,5418,0.92,5632,0.78,5833,0.7,6023,0.64,6195,0.56,6334,0.45
94,Isle of Man,54.236107,-4.548056,55,52,-1.4,48,-1.34,49,0.52,53,1.43,60,2.44,65,1.54,65,0.1,69,1.34,73,1.01,76,0.92,80,1.01,84,1.05,88,0.86,91,0.67,93,0.46,94,0.27,95,0.12,95,0.0,94,-0.11,93,-0.22
95,Israel,31.046051,34.851612,1287,1771,6.6,2139,3.84,2573,3.77,2895,2.39,3342,2.91,3721,2.17,4050,1.71,4460,1.95,5335,3.65,6098,2.71,6726,1.98,7369,1.84,8050,1.78,9178,1.51,9449,1.45,10041,1.36,10588,1.26,11223,1.17,11819,1.04,12365,0.91
96,Italy,41.87194,12.56738,47106,48634,0.64,50198,0.64,51988,0.7,53662,0.64,55572,0.7,56452,0.31,56719,0.09,56714,0.0,57295,0.2,57785,0.17,59038,0.43,60749,0.57,61856,0.36,62403,0.18,62592,0.06,62623,0.01,62531,-0.03,62319,-0.07,61957,-0.12,61416,-0.18
97,Ivory Coast,7.539988999999999,-5.547079999999999,2861,3165,2.04,3577,2.48,4357,4.03,5580,5.07,7031,4.73,8594,4.09,10332,3.75,12491,3.87,14846,3.51,16885,2.61,18921,2.3,21059,2.16,23296,2.04,25504,1.83,27652,1.63,29724,1.46,31712,1.3,33610,1.17,35412,1.05,37112,0.94
98,Jamaica,18.109581,-77.297508,1385,1489,1.46,1632,1.85,1778,1.72,1944,1.81,2105,1.61,2229,1.15,2319,0.79,2348,0.25,2470,1.02,2616,1.16,2737,0.91,2848,0.8,2951,0.71,3052,0.67,3152,0.65,3246,0.59,3332,0.52,3411,0.47,3484,0.43,3555,0.4
99,Japan,36.204824,138.252924,83806,89816,1.39,94092,0.93,98883,1.0,104345,1.08,111574,1.35,116808,0.92,120755,0.67,123538,0.46,125328,0.29,126776,0.23,127716,0.15,127580,-0.02,126920,-0.1,126138,-0.21,123366,-0.35,120752,-0.43,117747,-0.5,114449,-0.57,110907,-0.63,107210,-0.68
100,Jersey,49.2137711,-2.1357662,57,60,1.04,63,1.02,67,1.04,70,0.8,73,0.94,76,0.88,80,1.05,84,0.99,85,0.33,88,0.56,89,0.25,94,1.08,98,0.83,102,0.77,105,0.6,107,0.38,108,0.2,108,0.06,108,0.01,108,0.0
101,Jordan,36.1500042,-95.9882368,562,689,4.17,853,4.36,1069,4.62,1516,7.25,1822,3.75,2190,3.75,2669,4.04,3321,4.47,4249,5.05,4786,2.4,5363,2.31,6501,3.92,8118,4.54,7690,-1.08,8321,1.59,8989,1.56,9638,1.4,10263,1.27,10857,1.13,11412,1.0
102,Kazakhstan,48.019573,66.923684,6694,7977,3.57,9983,4.59,11903,3.58,13107,1.95,14158,1.55,15000,1.16,15999,1.3,16776,0.95,16390,-0.46,15688,-0.87,16123,0.55,17085,1.17,18158,1.22,19092,1.01,19810,0.74,20379,0.57,20887,0.49,21401,0.49,21878,0.44,22238,0.33
103,Kenya,-0.023559,37.906193,6122,7034,2.82,8157,3.01,9550,3.2,11248,3.33,13434,3.62,16331,3.98,19763,3.89,23361,3.4,27164,3.06,30606,2.42,35247,2.86,40844,2.99,45926,2.37,49859,1.66,53197,1.3,56553,1.23,60244,1.27,64059,1.24,67608,1.08,70756,0.91
104,Kiribati,-3.370417,-168.734039,34,37,1.99,41,1.99,45,1.9,49,1.78,54,1.71,58,1.57,63,1.52,72,2.82,77,1.43,86,2.15,93,1.7,100,1.45,106,1.22,112,1.13,118,1.05,124,0.94,129,0.81,133,0.66,137,0.55,140,0.47
105,Kosovo,42.6026359,20.902977,762,854,2.32,947,2.1,1079,2.63,1220,2.49,1370,2.35,1522,2.13,1683,2.03,1862,2.05,2029,1.73,1701,-3.47,1768,0.78,1816,0.53,1871,0.61,1933,0.65,2000,0.68,2066,0.65,2123,0.55,2169,0.43,2203,0.31,2223,0.18
106,Kuwait,29.31166,47.481766,145,187,5.21,293,9.38,477,10.26,748,9.44,1007,6.14,1370,6.35,1733,4.81,2132,4.23,1665,-4.82,1973,3.45,2257,2.73,2544,2.42,2789,1.86,2994,1.43,3170,1.15,3331,1.0,3482,0.89,3624,0.8,3751,0.7,3864,0.59
107,Kyrgyzstan,41.20438,74.766098,1739,1902,1.8,2172,2.69,2574,3.45,2964,2.87,3301,2.18,3632,1.93,4062,2.27,4484,2.0,4621,0.6,4938,1.34,5165,0.9,5411,0.94,5665,0.92,5965,1.04,6219,0.84,6432,0.67,6624,0.59,6803,0.54,6956,0.45,7064,0.31
108,Laos,19.85627,102.495496,1886,2078,1.95,2310,2.14,2566,2.12,2845,2.09,3162,2.13,3294,0.82,3658,2.12,4211,2.86,4847,2.85,5398,2.18,5837,1.58,6369,1.76,6912,1.65,7448,1.5,7972,1.37,8473,1.23,8933,1.06,9349,0.91,9727,0.79,10069,0.69
109,Latvia,56.879635,24.603189,1937,2003,0.67,2116,1.1,2254,1.28,2362,0.94,2462,0.84,2525,0.51,2607,0.64,2664,0.43,2481,-1.41,2369,-0.92,2259,-0.94,2116,-1.31,1987,-1.25,1882,-1.09,1773,-1.18,1662,-1.29,1553,-1.34,1450,-1.38,1349,-1.43,1250,-1.51
110,Lebanon,33.854721,35.862285,1365,1561,2.73,1787,2.73,2058,2.87,2384,2.98,2693,2.47,2902,1.51,3177,1.83,3452,1.67,3673,1.25,3835,0.87,4139,1.54,4493,1.65,6185,6.6,5470,-2.43,5397,-0.27,5528,0.48,5624,0.35,5677,0.19,5674,-0.01,5622,-0.19
111,Lesotho,-29.609988,28.233608,727,787,1.6,859,1.78,953,2.1,1068,2.3,1196,2.3,1359,2.59,1552,2.69,1704,1.88,1848,1.64,1917,0.73,1923,0.06,1920,-0.03,1948,0.29,1970,0.22,1971,0.01,1952,-0.19,1927,-0.26,1907,-0.2,1905,-0.02,1921,0.16
112,Liberia,6.428055,-9.429499000000002,824,929,2.41,1055,2.59,1209,2.76,1397,2.93,1617,2.97,1858,2.81,2162,3.08,2139,-0.22,1901,-2.34,2601,6.48,2931,2.41,3686,4.69,4196,2.63,4728,2.41,5284,2.25,5862,2.1,6452,1.94,7043,1.77,7625,1.6,8193,1.45
113,Liechtenstein,47.166,9.555373,14,15,1.72,17,2.25,19,2.65,22,2.42,24,2.1,26,1.38,27,1.4,29,1.39,31,1.41,33,1.18,35,1.27,37,0.71,38,0.81,40,0.79,41,0.69,42,0.56,43,0.41,44,0.26,44,0.16,44,0.1
114,Lithuania,55.169438,23.881275,2554,2615,0.47,2765,1.13,2960,1.37,3138,1.18,3306,1.05,3436,0.78,3588,0.87,3684,0.53,3510,-0.96,3490,-0.12,3327,-0.95,3089,-1.47,2885,-1.36,2732,-1.08,2574,-1.18,2413,-1.29,2253,-1.36,2099,-1.41,1949,-1.48,1802,-1.56
115,Luxembourg,49.815273,6.129582999999999,296,305,0.61,314,0.6,332,1.09,340,0.46,359,1.14,365,0.3,368,0.15,383,0.85,410,1.35,439,1.37,468,1.29,510,1.73,571,2.29,629,1.96,681,1.61,725,1.27,764,1.04,800,0.92,833,0.82,865,0.75
116,Libya,26.3351,17.228331,962,1123,3.15,1338,3.57,1624,3.95,2000,4.25,2569,5.14,3061,3.57,3661,3.64,4099,2.29,4584,2.26,5025,1.85,5571,2.08,6111,1.87,6412,0.97,6943,1.6,7375,1.21,7773,1.06,8138,0.92,8466,0.79,8747,0.66,8971,0.51
117,Macau,22.198745,113.543873,206,193,-1.27,187,-0.7,224,3.77,262,3.15,255,-0.54,256,0.11,306,3.64,352,2.84,402,2.67,432,1.47,475,1.89,568,3.68,593,0.86,615,0.72,631,0.51,640,0.3,644,0.11,642,-0.07,634,-0.24,621,-0.42
118,North Macedonia,41.608635,21.745275,1225,1341,1.82,1367,0.39,1470,1.47,1575,1.39,1685,1.35,1793,1.25,1845,0.58,1862,0.18,1955,0.98,2015,0.61,2046,0.3,2073,0.26,2097,0.23,2113,0.16,2120,0.06,2114,-0.05,2097,-0.17,2069,-0.26,2034,-0.34,1991,-0.42
119,Madagascar,-18.766947,46.869107,4621,5003,1.6,5482,1.85,6071,2.06,6766,2.19,7604,2.36,8692,2.71,10029,2.9,11633,3.01,13533,3.07,15713,3.03,18132,2.91,20847,2.83,23813,2.7,26956,2.51,30183,2.29,33418,2.06,36615,1.84,39759,1.66,42834,1.5,45808,1.35
120,Malawi,-13.254308,34.301525,2817,3089,1.86,3451,2.24,3915,2.55,4509,2.87,5318,3.36,6258,3.31,7321,3.19,9360,5.04,9809,0.94,11130,2.56,12864,2.94,15183,3.37,17965,3.42,21197,3.36,24958,3.32,29275,3.24,34155,3.13,39573,2.99,45478,2.82,51781,2.63
121,Malaysia,4.210484,101.975766,6434,7312,2.59,8429,2.88,9648,2.74,10911,2.49,12131,2.14,13461,2.1,15650,3.06,17883,2.7,20340,2.61,23152,2.62,25969,2.32,28275,1.72,30514,1.54,32653,1.36,34684,1.21,36619,1.09,38448,0.98,40124,0.86,41620,0.73,42929,0.62
122,Maldives,3.202778,73.22068,80,81,0.21,93,2.86,98,1.17,115,3.22,133,2.97,153,2.88,178,3.01,217,4.09,261,3.77,300,2.86,337,2.31,396,3.31,394,-0.12,392,-0.07,389,-0.17,402,0.64,416,0.69,427,0.56,437,0.46,445,0.34
123,Mali,17.570692,-3.996166,3688,4072,2.0,4495,2.0,4978,2.06,5547,2.19,6218,2.31,6869,2.01,7623,2.11,8487,2.17,9489,2.26,10788,2.6,12528,3.04,14583,3.09,16956,3.06,19714,2.98,22534,2.8,25619,2.6,28805,2.37,32027,2.14,35238,1.93,38396,1.73
124,Malta,35.937496,14.375416,312,315,0.15,329,0.88,320,-0.58,326,0.4,328,0.14,365,2.11,348,-0.95,360,0.69,377,0.97,390,0.68,399,0.44,407,0.41,414,0.35,420,0.25,422,0.1,420,-0.07,416,-0.2,410,-0.29,403,-0.33,396,-0.37
125,Marshall Islands,7.131474,171.184478,11,13,3.32,16,3.32,18,3.32,22,4.05,27,4.0,31,3.03,39,4.5,46,3.69,50,1.61,54,1.35,60,2.17,66,2.19,73,1.85,78,1.54,84,1.32,89,1.18,93,1.04,98,0.88,101,0.69,104,0.51
126,Mauritania,21.00789,-10.940835,1006,1054,0.93,1118,1.19,1196,1.35,1290,1.53,1405,1.72,1545,1.93,1724,2.21,1925,2.24,2235,3.03,2501,2.28,2838,2.56,3206,2.46,3597,2.33,4006,2.18,4426,2.01,4851,1.85,5280,1.71,5707,1.57,6128,1.43,6537,1.3
127,Mauritius,-20.348404,57.55215200000001,482,572,3.5,664,3.02,756,2.64,830,1.89,886,1.31,964,1.71,1021,1.15,1062,0.79,1124,1.13,1186,1.09,1243,0.94,1295,0.81,1340,0.7,1380,0.58,1413,0.47,1437,0.34,1452,0.2,1457,0.07,1453,-0.06,1442,-0.15
128,Mexico,23.634501,-102.552784,28486,32930,2.94,38579,3.22,45143,3.19,52776,3.17,60679,2.83,68348,2.41,76601,2.31,84635,2.01,92584,1.81,99776,1.51,106577,1.33,114062,1.37,121737,1.31,128650,1.11,134829,0.94,140063,0.76,144287,0.6,147495,0.44,149612,0.29,150568,0.13
129,Moldova,47.411631,28.369885,2337,2623,2.34,2999,2.72,3334,2.14,3595,1.52,3847,1.36,3997,0.77,4149,0.75,4375,1.07,4356,-0.09,4181,-0.82,3949,-1.14,3732,-1.12,3547,-1.01,3365,-1.05,3177,-1.14,2985,-1.24,2794,-1.32,2609,-1.36,2432,-1.39,2262,-1.44
130,Monaco,43.73841760000001,7.424615799999999,19,19,0.17,21,2.57,23,1.59,24,1.12,26,1.13,27,1.11,29,1.2,30,1.24,31,0.62,32,0.6,32,-0.48,31,-0.33,31,-0.03,31,0.26,32,0.49,33,0.42,33,0.1,33,-0.24,32,-0.6,30,-0.92
131,Mongolia,46.862496,103.846656,779,845,1.63,955,2.49,1091,2.69,1248,2.73,1446,2.99,1656,2.75,1860,2.35,2122,2.67,2307,1.69,2461,1.3,2603,1.13,2784,1.35,2993,1.46,3169,1.14,3302,0.83,3403,0.61,3490,0.51,3570,0.45,3633,0.35,3670,0.2
132,Montenegro,42.708678,19.37439,396,432,1.76,462,1.35,492,1.25,515,0.94,550,1.31,561,0.4,561,0.02,584,0.8,671,2.83,733,1.78,700,-0.92,667,-0.95,648,-0.6,640,-0.24,636,-0.12,629,-0.21,621,-0.28,610,-0.36,596,-0.47,578,-0.59
133,Montserrat,16.742498,-62.187366,14,13,-1.08,13,-0.99,12,-0.62,12,-0.32,13,0.9,12,-0.59,12,-0.77,11,-1.07,11,-0.87,4,-17.39,5,2.77,6,2.47,6,0.48,6,0.5,6,0.57,6,0.56,6,0.34,6,0.07,6,-0.11,6,-0.23
134,Morocco,31.791702,-7.092619999999999,9344,10782,2.9,12424,2.88,14067,2.51,15910,2.49,17688,2.14,19488,1.96,21644,2.12,24000,2.09,26148,1.73,28114,1.46,29901,1.24,31628,1.13,33323,1.05,37956,1.96,38854,1.86,40520,1.76,42302,1.66,43704,1.47,44957,1.17,46028,0.64
135,Mozambique,-18.665695,35.529562,6251,6782,1.64,7473,1.96,8302,2.13,9305,2.31,10433,2.32,12103,3.01,13294,1.89,12990,-0.46,15889,4.11,17997,2.52,20069,2.2,22418,2.24,25304,2.45,28604,2.48,32307,2.46,36622,2.54,41434,2.5,46746,2.44,52586,2.38,58999,2.33
136,Myanmar,21.916221,95.955974,19488,21050,1.55,22840,1.64,24938,1.77,27393,1.9,30330,2.06,33337,1.91,36766,1.98,40464,1.94,43994,1.69,47439,1.52,50573,1.29,53415,1.1,56321,1.07,59126,0.98,61748,0.87,64103,0.75,66155,0.63,67928,0.53,69445,0.44,70674,0.35
137,Namibia,-22.95764,18.49041,464,522,2.39,591,2.51,671,2.58,765,2.65,916,3.66,1059,2.94,1205,2.62,1471,4.08,1682,2.72,1894,2.4,2029,1.39,2129,0.97,2213,0.78,2263,0.45,2284,0.19,2281,-0.03,2258,-0.2,2223,-0.31,2185,-0.34,2150,-0.32
138,Nauru,-0.522778,166.931503,4,4,1.38,5,4.01,6,4.44,7,3.8,8,1.17,8,1.66,9,2.01,10,2.18,10,0.69,10,0.08,11,0.31,10,-1.54,10,0.58,10,0.51,11,0.45,11,0.51,11,0.65,12,0.78,12,0.84,12,0.85
139,Nepal,28.394857,84.12400799999999,8990,9480,1.07,10035,1.15,10863,1.6,11919,1.87,13156,1.99,14666,2.2,16570,2.47,18919,2.69,21877,2.95,24819,2.56,27094,1.77,28952,1.34,31552,1.73,34209,1.63,36623,1.37,38886,1.21,40940,1.03,42777,0.88,44447,0.77,45985,0.68
140,Netherlands,52.132633,5.291265999999999,10121,10759,1.23,11494,1.33,12302,1.37,13043,1.18,13665,0.94,14156,0.71,14505,0.49,14966,0.63,15477,0.67,15931,0.58,16300,0.46,16574,0.33,16948,0.45,17281,0.39,17573,0.34,17797,0.25,17935,0.15,17982,0.05,17960,-0.02,17907,-0.06
141,New Caledonia,-20.904305,165.618042,56,65,3.36,79,3.94,91,2.77,113,4.39,134,3.5,140,0.94,153,1.82,169,2.05,192,2.57,212,1.95,233,1.93,253,1.66,272,1.48,291,1.32,308,1.17,324,1.02,338,0.87,351,0.73,362,0.61,371,0.5
142,New Zealand,-40.900557,174.885971,1909,2137,2.28,2372,2.11,2641,2.17,2829,1.38,3118,1.97,3171,0.33,3324,0.95,3414,0.53,3643,1.3,3803,0.86,4049,1.26,4253,0.99,4439,0.86,4715,0.79,4776,0.69,4914,0.57,5023,0.44,5106,0.33,5164,0.23,5199,0.14
143,Nicaragua,12.865416,-85.207229,1098,1278,3.07,1493,3.17,1751,3.24,2053,3.24,2395,3.13,2804,3.2,3181,2.56,3644,2.76,4402,3.85,4867,2.03,5268,1.6,5605,1.25,5908,1.06,6204,0.98,6494,0.92,6754,0.79,6957,0.59,7101,0.41,7192,0.25,7234,0.12
144,Niger,17.607789,8.081666,3272,3560,1.7,3913,1.91,4344,2.11,4841,2.19,5420,2.28,6094,2.37,6870,2.43,7826,2.64,9111,3.09,10726,3.32,12783,3.57,15271,3.62,18046,3.4,21152,3.23,24619,3.08,28382,2.89,32319,2.63,36318,2.36,40298,2.1,44222,1.88
145,Nigeria,9.081999,8.675277,31797,35955,2.49,41551,2.94,48068,2.96,55591,2.95,64428,2.99,74829,3.04,84898,2.56,96685,2.63,109753,2.57,123946,2.46,141190,2.64,160342,2.58,181563,2.52,204950,2.47,241581,2.42,285894,2.39,301935,2.35,322187,2.21,364465,2.04,402224,1.98
146,North Korea,40.339852,127.510093,9472,8864,-1.32,10448,3.34,11965,2.75,14062,3.28,16015,2.63,17391,1.66,18831,1.6,20452,1.67,22108,1.57,22785,0.61,23621,0.72,24326,0.59,24984,0.53,25644,0.52,26243,0.46,26689,0.34,26956,0.2,27074,0.09,27074,0.0,26970,-0.08
147,Northern Mariana Islands,15.0979,145.6739,7,8,3.52,9,3.47,11,3.38,13,3.38,15,3.86,17,2.49,22,4.83,45,15.54,58,5.38,70,4.02,71,0.27,54,-5.4,53,-0.44,58,1.95,62,1.46,66,1.14,70,1.03,73,0.98,76,0.84,78,0.59
148,Norway,60.47202399999999,8.468945999999999,3266,3428,0.97,3582,0.88,3724,0.78,3878,0.82,4008,0.66,4086,0.39,4153,0.32,4243,0.43,4360,0.55,4493,0.6,4625,0.58,4892,1.13,5208,1.26,5468,0.98,5683,0.77,5870,0.65,6026,0.52,6155,0.43,6267,0.36,6365,0.31
149,Oman,21.4735329,55.975413,489,540,2.02,602,2.17,682,2.55,784,2.81,921,3.28,1186,5.2,1498,4.78,1795,3.69,2139,3.57,2433,2.61,2697,2.09,2968,1.93,3287,2.06,3635,2.03,3982,1.84,4305,1.57,4601,1.34,4880,1.18,5147,1.07,5402,0.97
150,Pakistan,30.375321,69.34511599999999,40383,45536,2.43,51719,2.58,59047,2.69,67492,2.71,76457,2.53,85220,2.19,102079,3.68,118817,3.08,134186,2.46,152430,2.58,169279,2.12,184405,1.73,199086,1.54,213720,1.43,228386,1.34,242862,1.24,256594,1.11,269152,0.96,280553,0.83,290848,0.72
151,Palau,7.514979999999999,134.58252,8,9,2.72,10,2.72,11,2.72,13,2.06,13,1.35,14,0.73,14,0.73,16,1.95,18,2.61,20,2.41,21,0.84,21,0.54,22,0.37,22,0.39,23,0.38,23,0.35,23,0.29,23,0.15,24,0.03,23,-0.11
152,Palestine,31.952162,35.233154,1018,1055,0.72,1115,1.11,1212,1.68,1033,-3.15,1201,3.06,1361,2.53,1578,3.0,1899,3.77,2508,5.72,3111,4.4,3599,2.96,4120,2.74,4656,2.48,5181,2.16,5680,1.86,6153,1.61,6606,1.43,7034,1.26,7426,1.09,7770,0.91
153,Panama,8.537981,-80.782127,893,1011,2.52,1148,2.57,1326,2.93,1532,2.92,1750,2.7,1960,2.3,2168,2.04,2394,2.0,2639,1.97,2900,1.91,3156,1.7,3411,1.57,3658,1.4,3895,1.26,4118,1.12,4323,0.98,4503,0.82,4654,0.66,4773,0.51,4860,0.36
154,Papua New Guinea,-6.314992999999999,143.95555,1413,1546,1.81,1719,2.15,1941,2.46,2214,2.67,2505,2.5,2847,2.6,3229,2.55,3683,2.67,4216,2.74,4813,2.68,5440,2.48,6065,2.2,6673,1.93,7260,1.7,7824,1.51,8359,1.33,8859,1.17,9318,1.01,9733,0.88,10111,0.76
155,Paraguay,-23.442503,-58.443832,1476,1684,2.67,1910,2.55,2171,2.59,2477,2.68,2849,2.83,3172,2.17,3634,2.76,4201,2.94,4826,2.81,5419,2.34,5926,1.81,6376,1.48,6784,1.25,7192,1.18,7603,1.12,7975,0.96,8280,0.75,8517,0.57,8700,0.42,8841,0.32
156,Peru,-9.189967,-75.015152,7633,8672,2.59,9932,2.75,11468,2.92,13193,2.84,15162,2.82,17296,2.67,19380,2.3,21565,2.16,23864,2.05,25797,1.57,27443,1.24,28948,1.07,30445,1.01,31915,0.95,33284,0.84,34445,0.69,35376,0.54,36096,0.4,36619,0.29,36944,0.18
157,Philippines,12.879721,121.774017,21132,24336,2.86,28026,2.86,32391,2.94,37253,2.84,42406,2.63,48290,2.63,54589,2.48,61481,2.41,68472,2.18,76452,2.23,84965,2.13,93137,1.85,100999,1.63,109181,1.57,117446,1.47,125685,1.37,133729,1.25,141428,1.13,148672,1.0,155381,0.89
158,Poland,51.919438,19.145136,24825,27221,1.86,29590,1.68,31263,1.11,32527,0.8,33970,0.87,35579,0.93,37226,0.91,38120,0.48,38601,0.25,38655,0.03,38557,-0.05,38617,0.03,38563,-0.03,38283,-0.15,37754,-0.28,36985,-0.41,36052,-0.51,35028,-0.57,33926,-0.64,32739,-0.71
159,Portugal,39.39987199999999,-8.224454,8443,8693,0.58,9037,0.78,9129,0.2,9045,-0.19,9412,0.8,9778,0.77,9898,0.24,9923,0.05,10066,0.29,10336,0.53,10567,0.44,10736,0.32,10826,0.17,10843,0.03,10807,-0.07,10732,-0.14,10616,-0.22,10448,-0.32,10220,-0.44,9934,-0.57
160,Puerto Rico,18.220833,-66.590149,2219,2251,0.29,2359,0.94,2597,1.95,2722,0.94,2936,1.52,3210,1.8,3383,1.05,3537,0.9,3684,0.81,3811,0.68,3822,0.06,3722,-0.53,3599,-0.67,3520,-0.44,3477,-0.25,3415,-0.36,3330,-0.5,3226,-0.63,3109,-0.74,2985,-0.81
161,Qatar,25.354826,51.183884,26,36,6.94,46,5.13,71,9.21,113,9.99,165,7.85,230,6.85,343,8.37,434,4.83,510,3.3,640,4.65,973,8.73,1720,12.07,2195,5.0,2445,2.18,2563,0.95,2596,0.26,2575,-0.17,2550,-0.19,2548,-0.02,2559,0.09
162,Republic of the Congo,-0.228021,15.827659,827,904,1.81,1003,2.09,1124,2.32,1273,2.52,1456,2.72,1676,2.86,1927,2.83,2221,2.89,2570,2.95,2940,2.73,3473,3.39,4238,4.06,4756,2.33,5294,2.17,5948,2.36,6674,2.33,7475,2.29,8343,2.22,9259,2.11,10202,1.96
163,Romania,45.943161,24.96676,16312,17326,1.21,18404,1.22,19028,0.67,20253,1.26,21246,0.96,22131,0.82,22522,0.35,22866,0.3,22688,-0.16,22448,-0.21,22198,-0.22,21960,-0.22,21667,-0.27,21303,-0.34,20873,-0.41,20389,-0.47,19870,-0.51,19313,-0.57,18712,-0.63,18061,-0.71
164,Russia,61.52401,105.318756,101937,111126,1.74,119632,1.49,126542,1.13,130246,0.58,134294,0.61,139039,0.7,143938,0.69,147973,0.55,148759,0.11,147054,-0.23,143320,-0.51,142527,-0.11,142424,-0.01,145723,-0.08,141120,-0.2,138215,-0.28,136313,-0.28,134496,-0.27,132432,-0.31,129909,-0.38
165,Rwanda,-1.940278,29.873888,2440,2699,2.04,3032,2.36,3265,1.49,3770,2.92,4357,2.94,5140,3.36,5987,3.1,7000,3.18,5473,-4.8,8399,8.94,9612,2.73,11056,2.84,12662,2.75,14328,2.5,16081,2.34,17984,2.26,20081,2.23,22379,2.19,24859,2.12,27507,2.04
166,Saint Barthélemy,17.9,-62.833333,3,3,0.62,3,0.63,3,1.12,3,1.0,3,1.05,3,2.9,4,6.17,6,5.11,7,4.02,8,2.99,8,1.26,8,-0.47,8,-0.46,8,-0.32,8,-0.19,8,-0.16,7,-0.25,7,-0.34,7,-0.4,7,-0.41
167,"Saint Helena, Ascension and Tristan da Cunha",-24.1434812,-10.0306945,6,6,0.05,6,0.21,6,0.24,6,1.07,7,1.33,7,1.3,8,4.19,7,-3.4,7,0.78,8,0.8,8,0.68,8,0.51,8,0.32,8,0.17,8,0.07,8,-0.04,8,-0.17,8,-0.31,8,-0.46,8,-0.58
168,Saint Kitts and Nevis,17.357822,-62.782998,45,50,2.31,52,0.56,49,-0.87,47,-1.17,45,-0.62,44,-0.51,43,-0.3,42,-0.6,44,0.7,46,1.14,48,0.97,50,0.82,52,0.8,54,0.72,56,0.58,57,0.42,58,0.23,58,0.05,58,-0.11,57,-0.25
169,Saint Lucia,13.909444,-60.978893,80,86,1.66,88,0.43,95,1.42,103,1.77,113,1.82,123,1.73,132,1.36,138,0.98,147,1.27,154,0.91,158,0.53,161,0.45,164,0.37,167,0.31,169,0.24,170,0.14,170,0.01,169,-0.13,167,-0.29,163,-0.47
170,Saint Martin,18.0708298,-63.0500809,3,4,4.07,5,4.08,5,2.5,6,2.4,7,2.91,8,3.8,16,15.22,31,14.31,33,1.72,29,-2.8,28,-0.34,31,1.62,32,0.99,33,0.5,34,0.3,34,0.24,34,0.23,35,0.2,35,0.15,35,0.1
171,Saint Pierre and Miquelon,46.8852,-56.3159,5,5,0.4,5,0.98,6,0.63,6,1.52,6,1.41,6,0.4,7,0.56,7,0.52,7,0.26,7,0.02,7,-0.66,6,-0.84,6,-0.98,6,-1.12,6,-1.21,5,-1.29,5,-1.37,5,-1.44,4,-1.51,4,-1.49
172,Saint Vincent and the Grenadines,12.984305,-61.287228,67,76,2.58,82,1.43,86,0.98,88,0.57,93,1.06,99,1.25,104,1.14,108,0.67,109,0.26,108,-0.17,107,-0.33,105,-0.35,103,-0.31,102,-0.24,101,-0.19,100,-0.19,99,-0.23,97,-0.29,96,-0.34,94,-0.37
173,Samoa,-13.759029,-172.104629,82,94,2.77,111,3.23,128,2.93,143,2.28,151,1.17,160,1.06,161,0.21,163,0.26,169,0.73,177,0.85,185,0.92,193,0.8,198,0.59,204,0.6,211,0.64,218,0.67,225,0.65,232,0.6,239,0.56,246,0.57
174,San Marino,43.94236,12.457777,13,14,1.59,16,2.19,18,2.49,20,1.96,20,0.57,22,1.69,23,1.03,24,0.77,25,1.18,28,1.71,30,1.8,32,1.23,34,0.96,35,0.72,36,0.56,36,0.4,37,0.21,37,0.0,36,-0.21,36,-0.42
175,São Tomé and Príncipe,0.18636,6.613080999999999,60,61,0.17,64,1.03,69,1.62,74,1.4,82,2.08,95,2.88,105,2.06,116,2.16,128,1.86,141,2.05,158,2.29,176,2.22,195,1.99,212,1.71,228,1.5,244,1.39,260,1.31,277,1.24,294,1.17,310,1.09
176,Saudi Arabia,23.885942,45.079162,3860,4244,1.91,4719,2.15,5328,2.46,6110,2.78,7208,3.36,10022,6.81,13331,5.87,16061,3.8,18756,3.15,21312,2.59,23643,2.1,25732,1.71,27753,1.52,29819,1.45,31878,1.34,33826,1.19,35615,1.04,37250,0.9,38782,0.81,40251,0.75
177,Senegal,14.497401,-14.452362,2654,2927,1.98,3270,2.24,3744,2.75,4318,2.89,4990,2.93,5612,2.38,6379,2.6,7348,2.87,8379,2.66,9470,2.48,10805,2.67,12324,2.67,13976,2.55,15737,2.4,17581,2.24,19486,2.08,21430,1.92,23390,1.77,25337,1.61,27245,1.46
178,Serbia,44.016521,21.005859,5957,6314,1.17,6659,1.07,6959,0.88,7249,0.82,7432,0.5,7588,0.42,7720,0.35,7787,0.17,7692,-0.25,7605,-0.23,7503,-0.27,7345,-0.42,7177,-0.46,7013,-0.46,6846,-0.48,6673,-0.51,6487,-0.56,6288,-0.62,6080,-0.67,5870,-0.7
179,Seychelles,-4.679574,55.491977,33,36,1.74,42,3.04,48,2.78,55,2.52,60,1.96,64,1.41,68,0.99,71,1.06,75,1.14,80,1.1,84,1.17,89,1.04,93,0.91,96,0.76,99,0.59,101,0.41,103,0.24,103,0.07,102,-0.11,101,-0.3
180,Sierra Leone,8.460555,-11.779889,2088,2233,1.36,2397,1.43,2582,1.5,2790,1.56,3031,1.67,3336,1.93,3704,2.12,4229,2.69,3882,-1.7,3810,-0.38,4709,4.33,5246,2.19,5880,2.31,6625,2.42,7501,2.51,8501,2.54,9611,2.48,10831,2.42,12161,2.34,13594,2.25
181,Singapore,1.352083,103.819836,1023,1306,5.02,1647,4.75,1887,2.76,2075,1.91,2263,1.75,2414,1.3,2750,2.64,3048,2.07,3567,3.2,4064,2.64,4606,2.54,5141,2.22,5675,2.0,6210,1.82,6733,1.63,7223,1.41,7661,1.18,8036,0.96,8351,0.77,8610,0.61
182,Sint Maarten,18.04248,-63.05483,3,3,1.73,3,1.72,5,8.64,7,9.63,11,9.89,13,3.64,20,9.24,30,8.68,32,1.74,31,-0.73,34,1.81,38,2.38,41,1.54,44,1.41,47,1.21,49,0.94,51,0.68,52,0.47,53,0.31,54,0.2
183,Slovakia,48.669026,19.699024,3464,3727,1.48,3995,1.4,4370,1.81,4524,0.69,4730,0.89,4966,0.98,5145,0.71,5263,0.45,5362,0.37,5401,0.14,5408,0.03,5427,0.07,5446,0.07,5441,-0.02,5406,-0.13,5335,-0.26,5238,-0.37,5125,-0.44,4997,-0.51,4851,-0.59
184,Slovenia,46.151241,14.995463,1468,1518,0.67,1558,0.53,1621,0.79,1676,0.68,1723,0.55,1834,1.26,1915,0.87,1992,0.79,2003,0.12,2011,0.08,2012,0.01,2004,-0.08,1984,-0.2,1952,-0.33,1908,-0.45,1856,-0.55,1798,-0.63,1736,-0.7,1669,-0.79,1597,-0.87
185,Solomon Islands,-9.64571,160.156194,107,115,1.43,127,1.99,144,2.5,164,2.65,194,3.44,231,3.64,273,3.41,322,3.31,376,3.15,434,2.95,496,2.71,560,2.44,623,2.17,686,1.94,748,1.75,808,1.57,866,1.4,921,1.23,971,1.07,1016,0.91
186,Somalia,5.152149,46.199616,2438,2674,1.86,2956,2.03,3283,2.12,3667,2.24,4128,2.4,5794,7.02,6459,2.2,6693,0.71,6401,-0.89,7501,3.22,8791,3.22,9768,2.13,10617,1.68,11758,2.06,13275,2.46,15041,2.53,16883,2.34,18769,2.14,20684,1.96,22627,1.81
187,South Africa,-30.559482,22.937506,13596,15369,2.48,17417,2.53,19899,2.7,22740,2.71,25816,2.57,29252,2.53,34255,3.21,38504,2.37,42148,1.82,44914,1.28,48105,1.38,51123,1.22,53676,0.98,56464,1.02,59109,0.92,61496,0.8,63603,0.68,65494,0.59,67163,0.5,68529,0.4
188,South Korea,35.907757,127.766922,20846,21552,0.67,24785,2.83,28706,2.98,32242,2.35,35282,1.82,38125,1.56,40807,1.37,42870,0.99,45106,1.02,46839,0.76,48006,0.49,48637,0.26,49116,0.2,49362,0.1,49373,0.0,49003,-0.15,48173,-0.34,46912,-0.53,45284,-0.7,43369,-0.86
189,South Sudan,6.876991899999999,31.3069788,2707,2757,0.37,2809,0.37,2862,0.37,2915,0.37,3396,3.1,4668,6.57,5320,2.65,4960,-1.39,5193,0.92,6297,3.93,7634,3.93,9585,4.66,12043,4.67,14559,3.87,16616,2.68,18682,2.37,20784,2.15,22866,1.93,24892,1.71,26844,1.52
190,Spain,40.46366700000001,-3.74922,28063,29319,0.88,30642,0.89,32085,0.92,33877,1.09,35564,0.98,37489,1.06,38535,0.55,39351,0.42,39765,0.21,40590,0.41,43705,1.49,46506,1.25,48147,0.7,50016,0.76,51416,0.55,52446,0.4,53139,0.26,53451,0.12,53271,-0.07,52491,-0.29
191,Sri Lanka,7.873053999999999,80.77179699999999,7534,8694,2.91,9914,2.66,11261,2.58,12619,2.3,13780,1.78,15056,1.79,15848,1.03,16862,1.25,17942,1.25,19042,1.2,20103,1.09,21084,0.96,22054,0.9,22890,0.75,23564,0.58,24120,0.47,24584,0.38,24935,0.28,25133,0.16,25167,0.03
192,Sudan,12.862807,30.217636,6468,7391,2.71,8447,2.71,9653,2.71,11031,2.71,12708,2.87,14784,3.07,17507,3.44,21130,3.83,24517,3.02,27068,2.0,29884,2.0,32997,2.0,36109,1.82,41131,1.76,42942,1.7,46338,1.63,49857,1.47,53188,1.3,56279,1.14,59130,0.99
193,Suriname,3.919305,-56.027783,209,241,2.93,285,3.41,337,3.42,373,2.06,363,-0.52,355,-0.48,395,2.18,417,1.07,428,0.55,465,1.64,504,1.65,546,1.62,580,1.21,610,1.01,637,0.88,662,0.76,683,0.64,700,0.48,712,0.33,718,0.19
194,Eswatini,-26.522503,31.465866,278,312,2.34,352,2.48,400,2.57,456,2.64,521,2.73,612,3.26,722,3.37,882,4.09,1004,2.63,1144,2.65,1259,1.94,1355,1.47,1436,1.18,1514,1.06,1586,0.94,1651,0.81,1708,0.68,1757,0.56,1798,0.46,1835,0.4
195,Sweden,60.12816100000001,18.643501,7015,7263,0.7,7481,0.59,7734,0.67,8043,0.79,8193,0.37,8311,0.29,8357,0.11,8601,0.58,8878,0.64,8925,0.1,9083,0.35,9433,0.76,9802,0.77,10203,0.8,10588,0.74,10914,0.61,11190,0.5,11458,0.47,11734,0.48,12012,0.47
196,Switzerland,46.818188,8.227511999999999,4695,4981,1.19,5363,1.49,5944,2.08,6268,1.07,6404,0.43,6386,-0.06,6568,0.56,6844,0.83,7165,0.92,7278,0.31,7449,0.47,7770,0.85,8122,0.89,8404,0.69,8666,0.61,8894,0.52,9085,0.43,9248,0.36,9398,0.32,9540,0.3
197,Syria,34.80207499999999,38.996815,3496,3938,2.41,4531,2.84,5323,3.27,6253,3.27,7398,3.42,8740,3.39,10479,3.7,12534,3.65,14487,2.94,16515,2.65,18615,2.42,21766,3.18,17065,-4.75,22347,5.54,24538,1.89,26090,1.23,27563,1.1,28938,0.98,30173,0.84,31226,0.69
198,Taiwan,23.69781,120.960515,7982,9486,3.51,11210,3.39,12978,2.97,14599,2.38,16123,2.01,17849,2.06,19338,1.62,20279,0.95,21291,0.98,22185,0.83,22728,0.48,23127,0.35,23416,0.25,23604,0.16,23643,0.03,23508,-0.11,23149,-0.31,22550,-0.52,21759,-0.71,20835,-0.86
199,Tajikistan,38.861034,71.276093,1531,1781,3.08,2081,3.16,2511,3.83,2939,3.2,3449,3.25,3967,2.84,4569,2.87,5273,2.91,5679,1.49,6230,1.87,6815,1.81,7488,1.9,8192,1.81,8874,1.61,9511,1.4,10104,1.22,10668,1.09,11203,0.98,11697,0.87,12133,0.73
200,Tanzania,-6.369028,34.888822,7935,8971,2.48,10260,2.72,11871,2.96,13807,3.07,16148,3.18,18654,2.93,21485,2.87,24805,2.92,29065,3.22,33194,2.69,38487,3.0,44289,2.85,51046,2.88,58553,2.8,68905,2.71,76071,2.6,85946,2.47,96400,2.32,107301,2.17,118587,2.02
201,Thailand,15.870032,100.992541,20042,23452,3.19,27513,3.25,32062,3.11,37091,2.96,42273,2.65,47026,2.15,51759,1.94,56097,1.62,59818,1.29,62902,1.01,65113,0.69,66721,0.49,67977,0.37,68978,0.29,69589,0.18,69751,0.05,69447,-0.09,68696,-0.22,67546,-0.34,66064,-0.44
202,Gambia,13.443182,-15.310139,272,307,2.46,352,2.81,412,3.2,485,3.3,566,3.14,653,2.9,773,3.44,952,4.25,1162,4.08,1357,3.15,1548,2.67,1756,2.55,1968,2.31,2174,2.01,2370,1.74,2555,1.51,2731,1.34,2900,1.21,3060,1.08,3211,0.97
203,Togo,8.619543,0.824782,1172,1299,2.07,1456,2.32,1648,2.51,1965,3.57,2267,2.91,2626,2.98,3130,3.57,3721,3.52,4203,2.47,4992,3.5,5715,2.74,6588,2.88,7553,2.77,8609,2.65,9742,2.5,10953,2.37,12246,2.26,13622,2.15,15074,2.05,16584,1.93
204,Tonga,-21.178986,-175.198242,46,55,3.55,64,3.19,75,3.08,84,2.3,90,1.43,92,0.58,95,0.55,97,0.39,98,0.24,101,0.55,104,0.63,106,0.45,107,0.16,107,-0.08,105,-0.27,103,-0.47,99,-0.71,94,-1.03,88,-1.44,79,-1.93
205,Trinidad and Tobago,10.691803,-61.222503,633,721,2.66,842,3.14,940,2.23,956,0.33,1007,1.06,1091,1.61,1190,1.74,1256,1.09,1265,0.14,1252,-0.2,1237,-0.24,1229,-0.13,1223,-0.1,1209,-0.22,1184,-0.42,1152,-0.55,1118,-0.6,1086,-0.58,1055,-0.58,1024,-0.59
206,Tunisia,33.886917,9.537499,3518,3847,1.8,4150,1.53,4566,1.93,5099,2.23,5704,2.27,6444,2.47,7364,2.71,8208,2.19,8947,1.74,9508,1.22,10013,1.04,10526,1.0,11038,0.95,11495,0.81,11850,0.61,12087,0.4,12223,0.22,12285,0.1,12277,-0.01,12181,-0.16
207,Turkey,38.963745,35.243322,21122,24145,2.71,28218,3.17,31951,2.52,35759,2.28,40530,2.54,45048,2.14,50989,2.51,56545,2.09,61296,1.63,65970,1.48,70465,1.33,74687,1.17,79415,1.24,82018,0.65,84545,0.61,86671,0.5,88279,0.37,89283,0.23,89626,0.08,89291,-0.07
208,Turkmenistan,38.969719,59.556278,1205,1348,2.28,1585,3.29,1883,3.5,2182,2.99,2524,2.96,2876,2.64,3241,2.42,3659,2.46,4079,2.2,4386,1.46,4665,1.24,4941,1.16,5232,1.15,5929,1.13,6011,0.98,6027,0.77,6210,0.6,6364,0.49,6498,0.42,6608,0.34
209,Turks and Caicos Islands,21.694025,-71.797928,6,6,0.49,6,2.1,6,0.15,6,-0.53,7,2.86,8,2.91,10,4.53,12,4.33,15,5.35,20,5.22,28,7.44,44,9.39,51,3.08,56,2.15,62,1.85,67,1.61,72,1.43,76,1.28,81,1.13,85,0.95
210,Tuvalu,-7.109534999999999,177.64933,5,5,1.19,6,1.19,6,1.14,6,0.86,7,1.33,8,3.72,9,1.81,10,2.37,10,1.22,11,0.59,11,0.26,11,0.59,11,0.75,12,0.86,12,0.83,13,0.68,13,0.54,13,0.47,14,0.44,14,0.42
211,Uganda,1.373333,32.290275,5522,6318,2.73,7262,2.83,8390,2.93,9716,2.98,10761,2.06,12020,2.24,13811,2.82,16549,3.68,19641,3.48,22917,3.13,26917,3.27,31508,3.2,37102,3.32,43518,3.24,50693,3.1,58489,2.9,66782,2.69,75460,2.47,84402,2.27,93477,2.06
212,Ukraine,48.379433,31.1655799,36775,39369,1.37,42645,1.61,45235,1.19,47236,0.87,48974,0.73,50047,0.43,50945,0.36,51623,0.26,51248,-0.15,49014,-0.89,47003,-0.83,45769,-0.53,44430,-0.59,43923,-0.23,42888,-0.48,41699,-0.56,40538,-0.56,39428,-0.55,38325,-0.57,37149,-0.62
213,United Arab Emirates,23.424076,53.847818,72,83,2.95,104,4.49,144,6.89,250,11.64,523,15.95,1001,13.87,1364,6.39,1827,6.02,2458,6.12,3220,5.54,4087,4.89,4976,4.02,5780,3.04,6496,2.36,7064,1.69,7484,1.16,7773,0.76,7949,0.45,8025,0.19,8019,-0.01
214,United Kingdom,55.378051,-3.435973,50128,50947,0.32,52373,0.55,54351,0.74,55633,0.47,56216,0.21,56315,0.04,56585,0.1,57411,0.29,58187,0.27,59140,0.33,60488,0.45,62349,0.61,64089,0.55,65762,0.52,67244,0.45,68451,0.36,69394,0.27,70149,0.22,70743,0.17,71154,0.12
215,United States,37.09024,-95.712891,151869,165070,1.68,179980,1.74,193527,1.46,203985,1.06,215466,1.1,227225,1.07,237924,0.92,249623,0.96,266279,1.3,282163,1.17,295517,0.93,309348,0.92,321369,0.77,334504,0.8,347335,0.76,359403,0.69,370339,0.6,380220,0.53,389395,0.48,398329,0.45
216,United States Virgin Islands,18.335765,-64.896335,27,28,0.52,33,3.32,44,6.0,64,7.85,95,8.28,100,1.07,101,0.22,104,0.63,108,0.73,109,0.15,108,-0.14,107,-0.3,104,-0.51,101,-0.67,96,-0.86,91,-1.07,86,-1.25,80,-1.37,75,-1.44,69,-1.43
217,Uruguay,-32.522779,-55.765835,2195,2354,1.41,2531,1.47,2694,1.25,2824,0.95,2844,0.14,2931,0.6,3019,0.6,3086,0.44,3151,0.42,3220,0.44,3265,0.28,3302,0.22,3342,0.25,3388,0.27,3432,0.26,3467,0.2,3486,0.11,3501,0.09,3504,0.02,3496,-0.05
218,Uzbekistan,41.377491,64.585262,6293,7233,2.82,8532,3.36,10206,3.65,11941,3.19,13988,3.22,15994,2.72,18216,2.64,20531,2.42,23068,2.36,25042,1.66,26540,1.17,27866,0.98,29200,0.94,30566,0.92,31824,0.81,32855,0.64,33653,0.48,34279,0.37,34768,0.28,35117,0.2
219,Vanuatu,-15.376706,166.959158,53,59,2.43,67,2.43,75,2.34,86,2.85,100,3.14,117,3.22,135,2.9,154,2.69,173,2.31,192,2.1,218,2.62,246,2.4,273,2.11,299,1.85,324,1.63,348,1.46,372,1.31,394,1.17,415,1.02,433,0.88
220,Venezuela,6.42375,-66.58973,5010,6171,4.26,7557,4.14,9068,3.71,10759,3.48,12675,3.33,14768,3.1,16998,2.85,19326,2.6,21550,2.2,23493,1.74,25270,1.47,27224,1.5,29276,1.46,31276,1.33,33189,1.19,34958,1.04,36544,0.89,37942,0.75,39174,0.64,40256,0.55
221,Vietnam,14.058324,108.277199,25349,27739,1.82,31657,2.68,37259,3.31,42577,2.7,48076,2.46,53716,2.24,60094,2.27,67259,2.28,73784,1.87,79178,1.42,84425,1.29,89572,1.19,94349,1.04,98722,0.91,102459,0.75,105478,0.58,107843,0.44,109602,0.32,110718,0.2,111174,0.08
222,Wallis and Futuna,-14.2938,-178.1165,7,8,1.26,8,1.26,9,1.02,9,0.95,9,0.23,11,4.18,14,3.78,14,0.72,15,0.79,15,0.91,16,0.58,16,0.33,16,0.35,16,0.31,17,0.21,17,0.08,17,-0.06,16,-0.15,16,-0.19,16,-0.22
223,Western Sahara,24.215527,-12.885834,10,16,11.87,28,11.87,50,12.33,90,12.38,73,-4.16,125,11.47,180,7.65,218,3.92,264,3.95,337,4.97,416,4.32,492,3.42,571,3.04,653,2.7,736,2.44,822,2.23,909,2.04,998,1.87,1086,1.71,1174,1.57
224,Yemen,15.552727,48.516388,4778,5266,1.97,5872,2.2,6511,2.09,7099,1.74,7935,2.25,9133,2.85,10540,2.91,12417,3.33,14832,3.62,17236,3.05,20003,3.02,23210,3.02,26738,2.87,29885,2.25,32823,1.89,35660,1.67,38437,1.51,41142,1.37,43710,1.22,46081,1.06
225,Zambia,-13.133897,27.849332,2554,2870,2.36,3255,2.55,3695,2.57,4241,2.8,4849,2.71,5541,2.71,6536,3.36,7604,3.07,8691,2.71,9984,2.81,11373,2.64,13042,2.78,15067,2.93,17427,2.95,20105,2.9,23137,2.85,26546,2.79,30339,2.71,34497,2.6,38993,2.48
226,Zimbabwe,-19.015438,29.154857,2854,3410,3.62,4011,3.31,4686,3.16,5515,3.31,6342,2.83,7170,2.49,8561,3.61,10157,3.48,11160,1.9,11821,1.16,11640,-0.31,11652,0.02,14230,4.08,15832,2.16,17371,1.87,18820,1.62,20282,1.51,21840,1.49,23492,1.47,25199,1.41
227,World,33.7625488,-84.3925876,2557629,2782099,1.7,3043002,1.81,3350426,1.94,3712698,2.07,4089084,1.95,4451363,1.71,4856463,1.76,5288956,1.72,5699203,1.51,6088572,1.33,6473045,1.23,6866333,1.19,7256491,1.11,7643403,1.04,8006581,0.93,8340607,0.82,8646305,0.72,8925950,0.64,9180226,0.56,9408142,0.49
